task,model_a,model_b,rank_gap,margin,adjacent,non_robust,thresh
arc:challenge|25,meta-llama__Meta-Llama-3-70B,meta-llama__Llama-2-70b-hf,1,0.014529914529914478,True,True,0.0355
arc:challenge|25,meta-llama__Meta-Llama-3-70B,mistralai__Mixtral-8x7B-v0.1,2,0.023931623931623958,False,True,0.0355
arc:challenge|25,meta-llama__Meta-Llama-3-70B,Qwen__Qwen1.5-72B,3,0.029059829059829068,False,True,0.0355
arc:challenge|25,meta-llama__Meta-Llama-3-70B,01-ai__Yi-34B,4,0.04188034188034184,False,False,0.0355
arc:challenge|25,meta-llama__Meta-Llama-3-70B,upstage__SOLAR-10.7B-v1.0,5,0.06837606837606836,False,False,0.0355
arc:challenge|25,meta-llama__Meta-Llama-3-70B,google__gemma-7b,6,0.0773504273504273,False,False,0.0355
arc:challenge|25,meta-llama__Meta-Llama-3-70B,microsoft__phi-2,7,0.07820512820512815,False,False,0.0355
arc:challenge|25,meta-llama__Meta-Llama-3-70B,meta-llama__Meta-Llama-3-8B,8,0.0854700854700855,False,False,0.0355
arc:challenge|25,meta-llama__Meta-Llama-3-70B,mistralai__Mistral-7B-v0.1,9,0.08803418803418805,False,False,0.0355
arc:challenge|25,meta-llama__Meta-Llama-3-70B,meta-llama__Llama-2-13b-hf,10,0.10683760683760679,False,False,0.0355
arc:challenge|25,meta-llama__Meta-Llama-3-70B,Qwen__Qwen1.5-14B,11,0.12222222222222223,False,False,0.0355
arc:challenge|25,meta-llama__Meta-Llama-3-70B,Qwen__Qwen1.5-7B,12,0.1461538461538462,False,False,0.0355
arc:challenge|25,meta-llama__Meta-Llama-3-70B,meta-llama__Llama-2-7b-hf,13,0.15726495726495726,False,False,0.0355
arc:challenge|25,meta-llama__Meta-Llama-3-70B,EleutherAI__gpt-j-6b,14,0.2743589743589744,False,False,0.0355
arc:challenge|25,meta-llama__Llama-2-70b-hf,mistralai__Mixtral-8x7B-v0.1,1,0.00940170940170948,True,True,0.0355
arc:challenge|25,meta-llama__Llama-2-70b-hf,Qwen__Qwen1.5-72B,2,0.01452991452991459,False,True,0.0355
arc:challenge|25,meta-llama__Llama-2-70b-hf,01-ai__Yi-34B,3,0.027350427350427364,False,True,0.0355
arc:challenge|25,meta-llama__Llama-2-70b-hf,upstage__SOLAR-10.7B-v1.0,4,0.05384615384615388,False,False,0.0355
arc:challenge|25,meta-llama__Llama-2-70b-hf,google__gemma-7b,5,0.06282051282051282,False,False,0.0355
arc:challenge|25,meta-llama__Llama-2-70b-hf,microsoft__phi-2,6,0.06367521367521367,False,False,0.0355
arc:challenge|25,meta-llama__Llama-2-70b-hf,meta-llama__Meta-Llama-3-8B,7,0.07094017094017102,False,False,0.0355
arc:challenge|25,meta-llama__Llama-2-70b-hf,mistralai__Mistral-7B-v0.1,8,0.07350427350427358,False,False,0.0355
arc:challenge|25,meta-llama__Llama-2-70b-hf,meta-llama__Llama-2-13b-hf,9,0.09230769230769231,False,False,0.0355
arc:challenge|25,meta-llama__Llama-2-70b-hf,Qwen__Qwen1.5-14B,10,0.10769230769230775,False,False,0.0355
arc:challenge|25,meta-llama__Llama-2-70b-hf,Qwen__Qwen1.5-7B,11,0.1316239316239317,False,False,0.0355
arc:challenge|25,meta-llama__Llama-2-70b-hf,meta-llama__Llama-2-7b-hf,12,0.14273504273504278,False,False,0.0355
arc:challenge|25,meta-llama__Llama-2-70b-hf,EleutherAI__gpt-j-6b,13,0.2598290598290599,False,False,0.0355
arc:challenge|25,mistralai__Mixtral-8x7B-v0.1,Qwen__Qwen1.5-72B,1,0.00512820512820511,True,True,0.0355
arc:challenge|25,mistralai__Mixtral-8x7B-v0.1,01-ai__Yi-34B,2,0.017948717948717885,False,True,0.0355
arc:challenge|25,mistralai__Mixtral-8x7B-v0.1,upstage__SOLAR-10.7B-v1.0,3,0.0444444444444444,False,False,0.0355
arc:challenge|25,mistralai__Mixtral-8x7B-v0.1,google__gemma-7b,4,0.05341880341880334,False,False,0.0355
arc:challenge|25,mistralai__Mixtral-8x7B-v0.1,microsoft__phi-2,5,0.05427350427350419,False,False,0.0355
arc:challenge|25,mistralai__Mixtral-8x7B-v0.1,meta-llama__Meta-Llama-3-8B,6,0.06153846153846154,False,False,0.0355
arc:challenge|25,mistralai__Mixtral-8x7B-v0.1,mistralai__Mistral-7B-v0.1,7,0.0641025641025641,False,False,0.0355
arc:challenge|25,mistralai__Mixtral-8x7B-v0.1,meta-llama__Llama-2-13b-hf,8,0.08290598290598283,False,False,0.0355
arc:challenge|25,mistralai__Mixtral-8x7B-v0.1,Qwen__Qwen1.5-14B,9,0.09829059829059827,False,False,0.0355
arc:challenge|25,mistralai__Mixtral-8x7B-v0.1,Qwen__Qwen1.5-7B,10,0.12222222222222223,False,False,0.0355
arc:challenge|25,mistralai__Mixtral-8x7B-v0.1,meta-llama__Llama-2-7b-hf,11,0.1333333333333333,False,False,0.0355
arc:challenge|25,mistralai__Mixtral-8x7B-v0.1,EleutherAI__gpt-j-6b,12,0.2504273504273504,False,False,0.0355
arc:challenge|25,Qwen__Qwen1.5-72B,01-ai__Yi-34B,1,0.012820512820512775,True,True,0.0355
arc:challenge|25,Qwen__Qwen1.5-72B,upstage__SOLAR-10.7B-v1.0,2,0.03931623931623929,False,False,0.0355
arc:challenge|25,Qwen__Qwen1.5-72B,google__gemma-7b,3,0.04829059829059823,False,False,0.0355
arc:challenge|25,Qwen__Qwen1.5-72B,microsoft__phi-2,4,0.04914529914529908,False,False,0.0355
arc:challenge|25,Qwen__Qwen1.5-72B,meta-llama__Meta-Llama-3-8B,5,0.05641025641025643,False,False,0.0355
arc:challenge|25,Qwen__Qwen1.5-72B,mistralai__Mistral-7B-v0.1,6,0.05897435897435899,False,False,0.0355
arc:challenge|25,Qwen__Qwen1.5-72B,meta-llama__Llama-2-13b-hf,7,0.07777777777777772,False,False,0.0355
arc:challenge|25,Qwen__Qwen1.5-72B,Qwen__Qwen1.5-14B,8,0.09316239316239316,False,False,0.0355
arc:challenge|25,Qwen__Qwen1.5-72B,Qwen__Qwen1.5-7B,9,0.11709401709401712,False,False,0.0355
arc:challenge|25,Qwen__Qwen1.5-72B,meta-llama__Llama-2-7b-hf,10,0.1282051282051282,False,False,0.0355
arc:challenge|25,Qwen__Qwen1.5-72B,EleutherAI__gpt-j-6b,11,0.24529914529914532,False,False,0.0355
arc:challenge|25,01-ai__Yi-34B,upstage__SOLAR-10.7B-v1.0,1,0.026495726495726513,True,True,0.0355
arc:challenge|25,01-ai__Yi-34B,google__gemma-7b,2,0.035470085470085455,False,True,0.0355
arc:challenge|25,01-ai__Yi-34B,microsoft__phi-2,3,0.03632478632478631,False,False,0.0355
arc:challenge|25,01-ai__Yi-34B,meta-llama__Meta-Llama-3-8B,4,0.04358974358974366,False,False,0.0355
arc:challenge|25,01-ai__Yi-34B,mistralai__Mistral-7B-v0.1,5,0.04615384615384621,False,False,0.0355
arc:challenge|25,01-ai__Yi-34B,meta-llama__Llama-2-13b-hf,6,0.06495726495726495,False,False,0.0355
arc:challenge|25,01-ai__Yi-34B,Qwen__Qwen1.5-14B,7,0.08034188034188039,False,False,0.0355
arc:challenge|25,01-ai__Yi-34B,Qwen__Qwen1.5-7B,8,0.10427350427350435,False,False,0.0355
arc:challenge|25,01-ai__Yi-34B,meta-llama__Llama-2-7b-hf,9,0.11538461538461542,False,False,0.0355
arc:challenge|25,01-ai__Yi-34B,EleutherAI__gpt-j-6b,10,0.23247863247863254,False,False,0.0355
arc:challenge|25,upstage__SOLAR-10.7B-v1.0,google__gemma-7b,1,0.008974358974358942,True,True,0.0355
arc:challenge|25,upstage__SOLAR-10.7B-v1.0,microsoft__phi-2,2,0.009829059829059794,False,True,0.0355
arc:challenge|25,upstage__SOLAR-10.7B-v1.0,meta-llama__Meta-Llama-3-8B,3,0.017094017094017144,False,True,0.0355
arc:challenge|25,upstage__SOLAR-10.7B-v1.0,mistralai__Mistral-7B-v0.1,4,0.0196581196581197,False,True,0.0355
arc:challenge|25,upstage__SOLAR-10.7B-v1.0,meta-llama__Llama-2-13b-hf,5,0.038461538461538436,False,False,0.0355
arc:challenge|25,upstage__SOLAR-10.7B-v1.0,Qwen__Qwen1.5-14B,6,0.05384615384615388,False,False,0.0355
arc:challenge|25,upstage__SOLAR-10.7B-v1.0,Qwen__Qwen1.5-7B,7,0.07777777777777783,False,False,0.0355
arc:challenge|25,upstage__SOLAR-10.7B-v1.0,meta-llama__Llama-2-7b-hf,8,0.0888888888888889,False,False,0.0355
arc:challenge|25,upstage__SOLAR-10.7B-v1.0,EleutherAI__gpt-j-6b,9,0.20598290598290603,False,False,0.0355
arc:challenge|25,google__gemma-7b,microsoft__phi-2,1,0.0008547008547008517,True,True,0.0355
arc:challenge|25,google__gemma-7b,meta-llama__Meta-Llama-3-8B,2,0.008119658119658202,False,True,0.0355
arc:challenge|25,google__gemma-7b,mistralai__Mistral-7B-v0.1,3,0.010683760683760757,False,True,0.0355
arc:challenge|25,google__gemma-7b,meta-llama__Llama-2-13b-hf,4,0.029487179487179493,False,True,0.0355
arc:challenge|25,google__gemma-7b,Qwen__Qwen1.5-14B,5,0.044871794871794934,False,False,0.0355
arc:challenge|25,google__gemma-7b,Qwen__Qwen1.5-7B,6,0.06880341880341889,False,False,0.0355
arc:challenge|25,google__gemma-7b,meta-llama__Llama-2-7b-hf,7,0.07991452991452996,False,False,0.0355
arc:challenge|25,google__gemma-7b,EleutherAI__gpt-j-6b,8,0.19700854700854709,False,False,0.0355
arc:challenge|25,microsoft__phi-2,meta-llama__Meta-Llama-3-8B,1,0.00726495726495735,True,True,0.0355
arc:challenge|25,microsoft__phi-2,mistralai__Mistral-7B-v0.1,2,0.009829059829059905,False,True,0.0355
arc:challenge|25,microsoft__phi-2,meta-llama__Llama-2-13b-hf,3,0.028632478632478642,False,True,0.0355
arc:challenge|25,microsoft__phi-2,Qwen__Qwen1.5-14B,4,0.04401709401709408,False,False,0.0355
arc:challenge|25,microsoft__phi-2,Qwen__Qwen1.5-7B,5,0.06794871794871804,False,False,0.0355
arc:challenge|25,microsoft__phi-2,meta-llama__Llama-2-7b-hf,6,0.07905982905982911,False,False,0.0355
arc:challenge|25,microsoft__phi-2,EleutherAI__gpt-j-6b,7,0.19615384615384623,False,False,0.0355
arc:challenge|25,meta-llama__Meta-Llama-3-8B,mistralai__Mistral-7B-v0.1,1,0.002564102564102555,True,True,0.0355
arc:challenge|25,meta-llama__Meta-Llama-3-8B,meta-llama__Llama-2-13b-hf,2,0.02136752136752129,False,True,0.0355
arc:challenge|25,meta-llama__Meta-Llama-3-8B,Qwen__Qwen1.5-14B,3,0.03675213675213673,False,False,0.0355
arc:challenge|25,meta-llama__Meta-Llama-3-8B,Qwen__Qwen1.5-7B,4,0.06068376068376069,False,False,0.0355
arc:challenge|25,meta-llama__Meta-Llama-3-8B,meta-llama__Llama-2-7b-hf,5,0.07179487179487176,False,False,0.0355
arc:challenge|25,meta-llama__Meta-Llama-3-8B,EleutherAI__gpt-j-6b,6,0.18888888888888888,False,False,0.0355
arc:challenge|25,mistralai__Mistral-7B-v0.1,meta-llama__Llama-2-13b-hf,1,0.018803418803418737,True,True,0.0355
arc:challenge|25,mistralai__Mistral-7B-v0.1,Qwen__Qwen1.5-14B,2,0.03418803418803418,False,True,0.0355
arc:challenge|25,mistralai__Mistral-7B-v0.1,Qwen__Qwen1.5-7B,3,0.058119658119658135,False,False,0.0355
arc:challenge|25,mistralai__Mistral-7B-v0.1,meta-llama__Llama-2-7b-hf,4,0.0692307692307692,False,False,0.0355
arc:challenge|25,mistralai__Mistral-7B-v0.1,EleutherAI__gpt-j-6b,5,0.18632478632478633,False,False,0.0355
arc:challenge|25,meta-llama__Llama-2-13b-hf,Qwen__Qwen1.5-14B,1,0.015384615384615441,True,True,0.0355
arc:challenge|25,meta-llama__Llama-2-13b-hf,Qwen__Qwen1.5-7B,2,0.0393162393162394,False,False,0.0355
arc:challenge|25,meta-llama__Llama-2-13b-hf,meta-llama__Llama-2-7b-hf,3,0.05042735042735047,False,False,0.0355
arc:challenge|25,meta-llama__Llama-2-13b-hf,EleutherAI__gpt-j-6b,4,0.1675213675213676,False,False,0.0355
arc:challenge|25,Qwen__Qwen1.5-14B,Qwen__Qwen1.5-7B,1,0.023931623931623958,True,True,0.0355
arc:challenge|25,Qwen__Qwen1.5-14B,meta-llama__Llama-2-7b-hf,2,0.03504273504273503,False,True,0.0355
arc:challenge|25,Qwen__Qwen1.5-14B,EleutherAI__gpt-j-6b,3,0.15213675213675215,False,False,0.0355
arc:challenge|25,Qwen__Qwen1.5-7B,meta-llama__Llama-2-7b-hf,1,0.011111111111111072,True,True,0.0355
arc:challenge|25,Qwen__Qwen1.5-7B,EleutherAI__gpt-j-6b,2,0.1282051282051282,False,False,0.0355
arc:challenge|25,meta-llama__Llama-2-7b-hf,EleutherAI__gpt-j-6b,1,0.11709401709401712,True,False,0.0355
hellaswag|10,meta-llama__Meta-Llama-3-70B,meta-llama__Llama-2-70b-hf,1,0.006288052699870317,True,True,0.042
hellaswag|10,meta-llama__Meta-Llama-3-70B,mistralai__Mixtral-8x7B-v0.1,2,0.015221079948098626,False,True,0.042
hellaswag|10,meta-llama__Meta-Llama-3-70B,Qwen__Qwen1.5-72B,3,0.019862261702764727,False,True,0.042
hellaswag|10,meta-llama__Meta-Llama-3-70B,01-ai__Yi-34B,4,0.022856572512226836,False,True,0.042
hellaswag|10,meta-llama__Meta-Llama-3-70B,upstage__SOLAR-10.7B-v1.0,5,0.03368599660644778,False,True,0.042
hellaswag|10,meta-llama__Meta-Llama-3-70B,mistralai__Mistral-7B-v0.1,6,0.04666134344744988,False,False,0.042
hellaswag|10,meta-llama__Meta-Llama-3-70B,google__gemma-7b,7,0.05504541371394356,False,False,0.042
hellaswag|10,meta-llama__Meta-Llama-3-70B,meta-llama__Meta-Llama-3-8B,8,0.057440862361513134,False,False,0.042
hellaswag|10,meta-llama__Meta-Llama-3-70B,Qwen__Qwen1.5-14B,9,0.06906876933825734,False,False,0.042
hellaswag|10,meta-llama__Meta-Llama-3-70B,meta-llama__Llama-2-13b-hf,10,0.0701666833017267,False,False,0.042
hellaswag|10,meta-llama__Meta-Llama-3-70B,Qwen__Qwen1.5-7B,11,0.0948198422996307,False,False,0.042
hellaswag|10,meta-llama__Meta-Llama-3-70B,tiiuae__falcon-7b,12,0.0985128256313006,False,False,0.042
hellaswag|10,meta-llama__Meta-Llama-3-70B,meta-llama__Llama-2-7b-hf,13,0.10240542968360122,False,False,0.042
hellaswag|10,meta-llama__Meta-Llama-3-70B,microsoft__phi-2,14,0.13080147719333268,False,False,0.042
hellaswag|10,meta-llama__Meta-Llama-3-70B,EleutherAI__gpt-j-6b,15,0.20459460358651904,False,False,0.042
hellaswag|10,meta-llama__Llama-2-70b-hf,mistralai__Mixtral-8x7B-v0.1,1,0.008933027248228309,True,True,0.042
hellaswag|10,meta-llama__Llama-2-70b-hf,Qwen__Qwen1.5-72B,2,0.01357420900289441,False,True,0.042
hellaswag|10,meta-llama__Llama-2-70b-hf,01-ai__Yi-34B,3,0.01656851981235652,False,True,0.042
hellaswag|10,meta-llama__Llama-2-70b-hf,upstage__SOLAR-10.7B-v1.0,4,0.02739794390657746,False,True,0.042
hellaswag|10,meta-llama__Llama-2-70b-hf,mistralai__Mistral-7B-v0.1,5,0.04037329074757956,False,True,0.042
hellaswag|10,meta-llama__Llama-2-70b-hf,google__gemma-7b,6,0.04875736101407324,False,False,0.042
hellaswag|10,meta-llama__Llama-2-70b-hf,meta-llama__Meta-Llama-3-8B,7,0.05115280966164282,False,False,0.042
hellaswag|10,meta-llama__Llama-2-70b-hf,Qwen__Qwen1.5-14B,8,0.06278071663838702,False,False,0.042
hellaswag|10,meta-llama__Llama-2-70b-hf,meta-llama__Llama-2-13b-hf,9,0.06387863060185639,False,False,0.042
hellaswag|10,meta-llama__Llama-2-70b-hf,Qwen__Qwen1.5-7B,10,0.08853178959976038,False,False,0.042
hellaswag|10,meta-llama__Llama-2-70b-hf,tiiuae__falcon-7b,11,0.09222477293143028,False,False,0.042
hellaswag|10,meta-llama__Llama-2-70b-hf,meta-llama__Llama-2-7b-hf,12,0.0961173769837309,False,False,0.042
hellaswag|10,meta-llama__Llama-2-70b-hf,microsoft__phi-2,13,0.12451342449346237,False,False,0.042
hellaswag|10,meta-llama__Llama-2-70b-hf,EleutherAI__gpt-j-6b,14,0.19830655088664872,False,False,0.042
hellaswag|10,mistralai__Mixtral-8x7B-v0.1,Qwen__Qwen1.5-72B,1,0.004641181754666102,True,True,0.042
hellaswag|10,mistralai__Mixtral-8x7B-v0.1,01-ai__Yi-34B,2,0.00763549256412821,False,True,0.042
hellaswag|10,mistralai__Mixtral-8x7B-v0.1,upstage__SOLAR-10.7B-v1.0,3,0.01846491665834915,False,True,0.042
hellaswag|10,mistralai__Mixtral-8x7B-v0.1,mistralai__Mistral-7B-v0.1,4,0.03144026349935125,False,True,0.042
hellaswag|10,mistralai__Mixtral-8x7B-v0.1,google__gemma-7b,5,0.03982433376584493,False,True,0.042
hellaswag|10,mistralai__Mixtral-8x7B-v0.1,meta-llama__Meta-Llama-3-8B,6,0.04221978241341451,False,False,0.042
hellaswag|10,mistralai__Mixtral-8x7B-v0.1,Qwen__Qwen1.5-14B,7,0.053847689390158715,False,False,0.042
hellaswag|10,mistralai__Mixtral-8x7B-v0.1,meta-llama__Llama-2-13b-hf,8,0.05494560335362808,False,False,0.042
hellaswag|10,mistralai__Mixtral-8x7B-v0.1,Qwen__Qwen1.5-7B,9,0.07959876235153207,False,False,0.042
hellaswag|10,mistralai__Mixtral-8x7B-v0.1,tiiuae__falcon-7b,10,0.08329174568320197,False,False,0.042
hellaswag|10,mistralai__Mixtral-8x7B-v0.1,meta-llama__Llama-2-7b-hf,11,0.0871843497355026,False,False,0.042
hellaswag|10,mistralai__Mixtral-8x7B-v0.1,microsoft__phi-2,12,0.11558039724523406,False,False,0.042
hellaswag|10,mistralai__Mixtral-8x7B-v0.1,EleutherAI__gpt-j-6b,13,0.18937352363842042,False,False,0.042
hellaswag|10,Qwen__Qwen1.5-72B,01-ai__Yi-34B,1,0.0029943108094621085,True,True,0.042
hellaswag|10,Qwen__Qwen1.5-72B,upstage__SOLAR-10.7B-v1.0,2,0.01382373490368305,False,True,0.042
hellaswag|10,Qwen__Qwen1.5-72B,mistralai__Mistral-7B-v0.1,3,0.02679908174468515,False,True,0.042
hellaswag|10,Qwen__Qwen1.5-72B,google__gemma-7b,4,0.03518315201117883,False,True,0.042
hellaswag|10,Qwen__Qwen1.5-72B,meta-llama__Meta-Llama-3-8B,5,0.03757860065874841,False,True,0.042
hellaswag|10,Qwen__Qwen1.5-72B,Qwen__Qwen1.5-14B,6,0.04920650763549261,False,False,0.042
hellaswag|10,Qwen__Qwen1.5-72B,meta-llama__Llama-2-13b-hf,7,0.05030442159896198,False,False,0.042
hellaswag|10,Qwen__Qwen1.5-72B,Qwen__Qwen1.5-7B,8,0.07495758059686597,False,False,0.042
hellaswag|10,Qwen__Qwen1.5-72B,tiiuae__falcon-7b,9,0.07865056392853587,False,False,0.042
hellaswag|10,Qwen__Qwen1.5-72B,meta-llama__Llama-2-7b-hf,10,0.0825431679808365,False,False,0.042
hellaswag|10,Qwen__Qwen1.5-72B,microsoft__phi-2,11,0.11093921549056796,False,False,0.042
hellaswag|10,Qwen__Qwen1.5-72B,EleutherAI__gpt-j-6b,12,0.18473234188375431,False,False,0.042
hellaswag|10,01-ai__Yi-34B,upstage__SOLAR-10.7B-v1.0,1,0.01082942409422094,True,True,0.042
hellaswag|10,01-ai__Yi-34B,mistralai__Mistral-7B-v0.1,2,0.02380477093522304,False,True,0.042
hellaswag|10,01-ai__Yi-34B,google__gemma-7b,3,0.03218884120171672,False,True,0.042
hellaswag|10,01-ai__Yi-34B,meta-llama__Meta-Llama-3-8B,4,0.0345842898492863,False,True,0.042
hellaswag|10,01-ai__Yi-34B,Qwen__Qwen1.5-14B,5,0.046212196826030505,False,False,0.042
hellaswag|10,01-ai__Yi-34B,meta-llama__Llama-2-13b-hf,6,0.04731011078949987,False,False,0.042
hellaswag|10,01-ai__Yi-34B,Qwen__Qwen1.5-7B,7,0.07196326978740386,False,False,0.042
hellaswag|10,01-ai__Yi-34B,tiiuae__falcon-7b,8,0.07565625311907376,False,False,0.042
hellaswag|10,01-ai__Yi-34B,meta-llama__Llama-2-7b-hf,9,0.07954885717137439,False,False,0.042
hellaswag|10,01-ai__Yi-34B,microsoft__phi-2,10,0.10794490468110585,False,False,0.042
hellaswag|10,01-ai__Yi-34B,EleutherAI__gpt-j-6b,11,0.1817380310742922,False,False,0.042
hellaswag|10,upstage__SOLAR-10.7B-v1.0,mistralai__Mistral-7B-v0.1,1,0.0129753468410021,True,True,0.042
hellaswag|10,upstage__SOLAR-10.7B-v1.0,google__gemma-7b,2,0.02135941710749578,False,True,0.042
hellaswag|10,upstage__SOLAR-10.7B-v1.0,meta-llama__Meta-Llama-3-8B,3,0.023754865755065357,False,True,0.042
hellaswag|10,upstage__SOLAR-10.7B-v1.0,Qwen__Qwen1.5-14B,4,0.035382772731809564,False,True,0.042
hellaswag|10,upstage__SOLAR-10.7B-v1.0,meta-llama__Llama-2-13b-hf,5,0.03648068669527893,False,True,0.042
hellaswag|10,upstage__SOLAR-10.7B-v1.0,Qwen__Qwen1.5-7B,6,0.06113384569318292,False,False,0.042
hellaswag|10,upstage__SOLAR-10.7B-v1.0,tiiuae__falcon-7b,7,0.06482682902485282,False,False,0.042
hellaswag|10,upstage__SOLAR-10.7B-v1.0,meta-llama__Llama-2-7b-hf,8,0.06871943307715345,False,False,0.042
hellaswag|10,upstage__SOLAR-10.7B-v1.0,microsoft__phi-2,9,0.0971154805868849,False,False,0.042
hellaswag|10,upstage__SOLAR-10.7B-v1.0,EleutherAI__gpt-j-6b,10,0.17090860698007126,False,False,0.042
hellaswag|10,mistralai__Mistral-7B-v0.1,google__gemma-7b,1,0.008384070266493682,True,True,0.042
hellaswag|10,mistralai__Mistral-7B-v0.1,meta-llama__Meta-Llama-3-8B,2,0.010779518914063257,False,True,0.042
hellaswag|10,mistralai__Mistral-7B-v0.1,Qwen__Qwen1.5-14B,3,0.022407425890807464,False,True,0.042
hellaswag|10,mistralai__Mistral-7B-v0.1,meta-llama__Llama-2-13b-hf,4,0.02350533985427683,False,True,0.042
hellaswag|10,mistralai__Mistral-7B-v0.1,Qwen__Qwen1.5-7B,5,0.04815849885218082,False,False,0.042
hellaswag|10,mistralai__Mistral-7B-v0.1,tiiuae__falcon-7b,6,0.05185148218385072,False,False,0.042
hellaswag|10,mistralai__Mistral-7B-v0.1,meta-llama__Llama-2-7b-hf,7,0.05574408623615135,False,False,0.042
hellaswag|10,mistralai__Mistral-7B-v0.1,microsoft__phi-2,8,0.0841401337458828,False,False,0.042
hellaswag|10,mistralai__Mistral-7B-v0.1,EleutherAI__gpt-j-6b,9,0.15793326013906916,False,False,0.042
hellaswag|10,google__gemma-7b,meta-llama__Meta-Llama-3-8B,1,0.0023954486475695758,True,True,0.042
hellaswag|10,google__gemma-7b,Qwen__Qwen1.5-14B,2,0.014023355624313782,False,True,0.042
hellaswag|10,google__gemma-7b,meta-llama__Llama-2-13b-hf,3,0.015121269587783148,False,True,0.042
hellaswag|10,google__gemma-7b,Qwen__Qwen1.5-7B,4,0.03977442858568714,False,True,0.042
hellaswag|10,google__gemma-7b,tiiuae__falcon-7b,5,0.043467411917357035,False,False,0.042
hellaswag|10,google__gemma-7b,meta-llama__Llama-2-7b-hf,6,0.047360015969657665,False,False,0.042
hellaswag|10,google__gemma-7b,microsoft__phi-2,7,0.07575606347938912,False,False,0.042
hellaswag|10,google__gemma-7b,EleutherAI__gpt-j-6b,8,0.14954918987257548,False,False,0.042
hellaswag|10,meta-llama__Meta-Llama-3-8B,Qwen__Qwen1.5-14B,1,0.011627906976744207,True,True,0.042
hellaswag|10,meta-llama__Meta-Llama-3-8B,meta-llama__Llama-2-13b-hf,2,0.012725820940213572,False,True,0.042
hellaswag|10,meta-llama__Meta-Llama-3-8B,Qwen__Qwen1.5-7B,3,0.03737897993811756,False,True,0.042
hellaswag|10,meta-llama__Meta-Llama-3-8B,tiiuae__falcon-7b,4,0.04107196326978746,False,True,0.042
hellaswag|10,meta-llama__Meta-Llama-3-8B,meta-llama__Llama-2-7b-hf,5,0.04496456732208809,False,False,0.042
hellaswag|10,meta-llama__Meta-Llama-3-8B,microsoft__phi-2,6,0.07336061483181955,False,False,0.042
hellaswag|10,meta-llama__Meta-Llama-3-8B,EleutherAI__gpt-j-6b,7,0.1471537412250059,False,False,0.042
hellaswag|10,Qwen__Qwen1.5-14B,meta-llama__Llama-2-13b-hf,1,0.0010979139634693658,True,True,0.042
hellaswag|10,Qwen__Qwen1.5-14B,Qwen__Qwen1.5-7B,2,0.025751072961373356,False,True,0.042
hellaswag|10,Qwen__Qwen1.5-14B,tiiuae__falcon-7b,3,0.029444056293043253,False,True,0.042
hellaswag|10,Qwen__Qwen1.5-14B,meta-llama__Llama-2-7b-hf,4,0.03333666034534388,False,True,0.042
hellaswag|10,Qwen__Qwen1.5-14B,microsoft__phi-2,5,0.06173270785507534,False,False,0.042
hellaswag|10,Qwen__Qwen1.5-14B,EleutherAI__gpt-j-6b,6,0.1355258342482617,False,False,0.042
hellaswag|10,meta-llama__Llama-2-13b-hf,Qwen__Qwen1.5-7B,1,0.02465315899790399,True,True,0.042
hellaswag|10,meta-llama__Llama-2-13b-hf,tiiuae__falcon-7b,2,0.028346142329573887,False,True,0.042
hellaswag|10,meta-llama__Llama-2-13b-hf,meta-llama__Llama-2-7b-hf,3,0.03223874638187452,False,True,0.042
hellaswag|10,meta-llama__Llama-2-13b-hf,microsoft__phi-2,4,0.060634793891605976,False,False,0.042
hellaswag|10,meta-llama__Llama-2-13b-hf,EleutherAI__gpt-j-6b,5,0.13442792028479233,False,False,0.042
hellaswag|10,Qwen__Qwen1.5-7B,tiiuae__falcon-7b,1,0.003692983331669897,True,True,0.042
hellaswag|10,Qwen__Qwen1.5-7B,meta-llama__Llama-2-7b-hf,2,0.007585587383970527,False,True,0.042
hellaswag|10,Qwen__Qwen1.5-7B,microsoft__phi-2,3,0.035981634893701986,False,True,0.042
hellaswag|10,Qwen__Qwen1.5-7B,EleutherAI__gpt-j-6b,4,0.10977476128688834,False,False,0.042
hellaswag|10,tiiuae__falcon-7b,meta-llama__Llama-2-7b-hf,1,0.00389260405230063,True,True,0.042
hellaswag|10,tiiuae__falcon-7b,microsoft__phi-2,2,0.03228865156203209,False,True,0.042
hellaswag|10,tiiuae__falcon-7b,EleutherAI__gpt-j-6b,3,0.10608177795521845,False,False,0.042
hellaswag|10,meta-llama__Llama-2-7b-hf,microsoft__phi-2,1,0.02839604750973146,True,True,0.042
hellaswag|10,meta-llama__Llama-2-7b-hf,EleutherAI__gpt-j-6b,2,0.10218917390291782,False,False,0.042
hellaswag|10,microsoft__phi-2,EleutherAI__gpt-j-6b,1,0.07379312639318636,True,False,0.042
winogrande|5,meta-llama__Meta-Llama-3-70B,meta-llama__Llama-2-70b-hf,1,0.015785319652723007,True,True,0.0355
winogrande|5,meta-llama__Meta-Llama-3-70B,upstage__SOLAR-10.7B-v1.0,2,0.016574585635359185,False,True,0.0355
winogrande|5,meta-llama__Meta-Llama-3-70B,Qwen__Qwen1.5-72B,3,0.022888713496448276,False,True,0.0355
winogrande|5,meta-llama__Meta-Llama-3-70B,01-ai__Yi-34B,4,0.022888713496448276,False,True,0.0355
winogrande|5,meta-llama__Meta-Llama-3-70B,mistralai__Mixtral-8x7B-v0.1,5,0.03630623520126286,False,False,0.0355
winogrande|5,meta-llama__Meta-Llama-3-70B,mistralai__Mistral-7B-v0.1,6,0.06708760852407258,False,False,0.0355
winogrande|5,meta-llama__Meta-Llama-3-70B,google__gemma-7b,7,0.06866614048934494,False,False,0.0355
winogrande|5,meta-llama__Meta-Llama-3-70B,meta-llama__Meta-Llama-3-8B,8,0.06866614048934494,False,False,0.0355
winogrande|5,meta-llama__Meta-Llama-3-70B,meta-llama__Llama-2-13b-hf,9,0.08681925808997637,False,False,0.0355
winogrande|5,meta-llama__Meta-Llama-3-70B,meta-llama__Llama-2-7b-hf,10,0.11286503551696925,False,False,0.0355
winogrande|5,meta-llama__Meta-Llama-3-70B,Qwen__Qwen1.5-14B,11,0.11838989739542227,False,False,0.0355
winogrande|5,meta-llama__Meta-Llama-3-70B,microsoft__phi-2,12,0.11838989739542227,False,False,0.0355
winogrande|5,meta-llama__Meta-Llama-3-70B,tiiuae__falcon-7b,13,0.12943962115232832,False,False,0.0355
winogrande|5,meta-llama__Meta-Llama-3-70B,Qwen__Qwen1.5-7B,14,0.14048934490923448,False,False,0.0355
winogrande|5,meta-llama__Llama-2-70b-hf,upstage__SOLAR-10.7B-v1.0,1,0.0007892659826361781,True,True,0.0355
winogrande|5,meta-llama__Llama-2-70b-hf,Qwen__Qwen1.5-72B,2,0.00710339384372527,False,True,0.0355
winogrande|5,meta-llama__Llama-2-70b-hf,01-ai__Yi-34B,3,0.00710339384372527,False,True,0.0355
winogrande|5,meta-llama__Llama-2-70b-hf,mistralai__Mixtral-8x7B-v0.1,4,0.020520915548539853,False,True,0.0355
winogrande|5,meta-llama__Llama-2-70b-hf,mistralai__Mistral-7B-v0.1,5,0.05130228887134958,False,False,0.0355
winogrande|5,meta-llama__Llama-2-70b-hf,google__gemma-7b,6,0.05288082083662193,False,False,0.0355
winogrande|5,meta-llama__Llama-2-70b-hf,meta-llama__Meta-Llama-3-8B,7,0.05288082083662193,False,False,0.0355
winogrande|5,meta-llama__Llama-2-70b-hf,meta-llama__Llama-2-13b-hf,8,0.07103393843725336,False,False,0.0355
winogrande|5,meta-llama__Llama-2-70b-hf,meta-llama__Llama-2-7b-hf,9,0.09707971586424624,False,False,0.0355
winogrande|5,meta-llama__Llama-2-70b-hf,Qwen__Qwen1.5-14B,10,0.10260457774269927,False,False,0.0355
winogrande|5,meta-llama__Llama-2-70b-hf,microsoft__phi-2,11,0.10260457774269927,False,False,0.0355
winogrande|5,meta-llama__Llama-2-70b-hf,tiiuae__falcon-7b,12,0.11365430149960531,False,False,0.0355
winogrande|5,meta-llama__Llama-2-70b-hf,Qwen__Qwen1.5-7B,13,0.12470402525651147,False,False,0.0355
winogrande|5,upstage__SOLAR-10.7B-v1.0,Qwen__Qwen1.5-72B,1,0.006314127861089092,True,True,0.0355
winogrande|5,upstage__SOLAR-10.7B-v1.0,01-ai__Yi-34B,2,0.006314127861089092,False,True,0.0355
winogrande|5,upstage__SOLAR-10.7B-v1.0,mistralai__Mixtral-8x7B-v0.1,3,0.019731649565903675,False,True,0.0355
winogrande|5,upstage__SOLAR-10.7B-v1.0,mistralai__Mistral-7B-v0.1,4,0.0505130228887134,False,False,0.0355
winogrande|5,upstage__SOLAR-10.7B-v1.0,google__gemma-7b,5,0.052091554853985755,False,False,0.0355
winogrande|5,upstage__SOLAR-10.7B-v1.0,meta-llama__Meta-Llama-3-8B,6,0.052091554853985755,False,False,0.0355
winogrande|5,upstage__SOLAR-10.7B-v1.0,meta-llama__Llama-2-13b-hf,7,0.07024467245461719,False,False,0.0355
winogrande|5,upstage__SOLAR-10.7B-v1.0,meta-llama__Llama-2-7b-hf,8,0.09629044988161006,False,False,0.0355
winogrande|5,upstage__SOLAR-10.7B-v1.0,Qwen__Qwen1.5-14B,9,0.10181531176006309,False,False,0.0355
winogrande|5,upstage__SOLAR-10.7B-v1.0,microsoft__phi-2,10,0.10181531176006309,False,False,0.0355
winogrande|5,upstage__SOLAR-10.7B-v1.0,tiiuae__falcon-7b,11,0.11286503551696914,False,False,0.0355
winogrande|5,upstage__SOLAR-10.7B-v1.0,Qwen__Qwen1.5-7B,12,0.1239147592738753,False,False,0.0355
winogrande|5,Qwen__Qwen1.5-72B,01-ai__Yi-34B,1,0.0,True,True,0.0355
winogrande|5,Qwen__Qwen1.5-72B,mistralai__Mixtral-8x7B-v0.1,2,0.013417521704814583,False,True,0.0355
winogrande|5,Qwen__Qwen1.5-72B,mistralai__Mistral-7B-v0.1,3,0.04419889502762431,False,False,0.0355
winogrande|5,Qwen__Qwen1.5-72B,google__gemma-7b,4,0.045777426992896664,False,False,0.0355
winogrande|5,Qwen__Qwen1.5-72B,meta-llama__Meta-Llama-3-8B,5,0.045777426992896664,False,False,0.0355
winogrande|5,Qwen__Qwen1.5-72B,meta-llama__Llama-2-13b-hf,6,0.0639305445935281,False,False,0.0355
winogrande|5,Qwen__Qwen1.5-72B,meta-llama__Llama-2-7b-hf,7,0.08997632202052097,False,False,0.0355
winogrande|5,Qwen__Qwen1.5-72B,Qwen__Qwen1.5-14B,8,0.095501183898974,False,False,0.0355
winogrande|5,Qwen__Qwen1.5-72B,microsoft__phi-2,9,0.095501183898974,False,False,0.0355
winogrande|5,Qwen__Qwen1.5-72B,tiiuae__falcon-7b,10,0.10655090765588004,False,False,0.0355
winogrande|5,Qwen__Qwen1.5-72B,Qwen__Qwen1.5-7B,11,0.1176006314127862,False,False,0.0355
winogrande|5,01-ai__Yi-34B,mistralai__Mixtral-8x7B-v0.1,1,0.013417521704814583,True,True,0.0355
winogrande|5,01-ai__Yi-34B,mistralai__Mistral-7B-v0.1,2,0.04419889502762431,False,False,0.0355
winogrande|5,01-ai__Yi-34B,google__gemma-7b,3,0.045777426992896664,False,False,0.0355
winogrande|5,01-ai__Yi-34B,meta-llama__Meta-Llama-3-8B,4,0.045777426992896664,False,False,0.0355
winogrande|5,01-ai__Yi-34B,meta-llama__Llama-2-13b-hf,5,0.0639305445935281,False,False,0.0355
winogrande|5,01-ai__Yi-34B,meta-llama__Llama-2-7b-hf,6,0.08997632202052097,False,False,0.0355
winogrande|5,01-ai__Yi-34B,Qwen__Qwen1.5-14B,7,0.095501183898974,False,False,0.0355
winogrande|5,01-ai__Yi-34B,microsoft__phi-2,8,0.095501183898974,False,False,0.0355
winogrande|5,01-ai__Yi-34B,tiiuae__falcon-7b,9,0.10655090765588004,False,False,0.0355
winogrande|5,01-ai__Yi-34B,Qwen__Qwen1.5-7B,10,0.1176006314127862,False,False,0.0355
winogrande|5,mistralai__Mixtral-8x7B-v0.1,mistralai__Mistral-7B-v0.1,1,0.030781373322809724,True,True,0.0355
winogrande|5,mistralai__Mixtral-8x7B-v0.1,google__gemma-7b,2,0.03235990528808208,False,True,0.0355
winogrande|5,mistralai__Mixtral-8x7B-v0.1,meta-llama__Meta-Llama-3-8B,3,0.03235990528808208,False,True,0.0355
winogrande|5,mistralai__Mixtral-8x7B-v0.1,meta-llama__Llama-2-13b-hf,4,0.05051302288871351,False,False,0.0355
winogrande|5,mistralai__Mixtral-8x7B-v0.1,meta-llama__Llama-2-7b-hf,5,0.07655880031570639,False,False,0.0355
winogrande|5,mistralai__Mixtral-8x7B-v0.1,Qwen__Qwen1.5-14B,6,0.08208366219415941,False,False,0.0355
winogrande|5,mistralai__Mixtral-8x7B-v0.1,microsoft__phi-2,7,0.08208366219415941,False,False,0.0355
winogrande|5,mistralai__Mixtral-8x7B-v0.1,tiiuae__falcon-7b,8,0.09313338595106546,False,False,0.0355
winogrande|5,mistralai__Mixtral-8x7B-v0.1,Qwen__Qwen1.5-7B,9,0.10418310970797162,False,False,0.0355
winogrande|5,mistralai__Mistral-7B-v0.1,google__gemma-7b,1,0.0015785319652723562,True,True,0.0355
winogrande|5,mistralai__Mistral-7B-v0.1,meta-llama__Meta-Llama-3-8B,2,0.0015785319652723562,False,True,0.0355
winogrande|5,mistralai__Mistral-7B-v0.1,meta-llama__Llama-2-13b-hf,3,0.019731649565903786,False,True,0.0355
winogrande|5,mistralai__Mistral-7B-v0.1,meta-llama__Llama-2-7b-hf,4,0.045777426992896664,False,False,0.0355
winogrande|5,mistralai__Mistral-7B-v0.1,Qwen__Qwen1.5-14B,5,0.05130228887134969,False,False,0.0355
winogrande|5,mistralai__Mistral-7B-v0.1,microsoft__phi-2,6,0.05130228887134969,False,False,0.0355
winogrande|5,mistralai__Mistral-7B-v0.1,tiiuae__falcon-7b,7,0.06235201262825574,False,False,0.0355
winogrande|5,mistralai__Mistral-7B-v0.1,Qwen__Qwen1.5-7B,8,0.0734017363851619,False,False,0.0355
winogrande|5,google__gemma-7b,meta-llama__Meta-Llama-3-8B,1,0.0,True,True,0.0355
winogrande|5,google__gemma-7b,meta-llama__Llama-2-13b-hf,2,0.01815311760063143,False,True,0.0355
winogrande|5,google__gemma-7b,meta-llama__Llama-2-7b-hf,3,0.04419889502762431,False,False,0.0355
winogrande|5,google__gemma-7b,Qwen__Qwen1.5-14B,4,0.04972375690607733,False,False,0.0355
winogrande|5,google__gemma-7b,microsoft__phi-2,5,0.04972375690607733,False,False,0.0355
winogrande|5,google__gemma-7b,tiiuae__falcon-7b,6,0.06077348066298338,False,False,0.0355
winogrande|5,google__gemma-7b,Qwen__Qwen1.5-7B,7,0.07182320441988954,False,False,0.0355
winogrande|5,meta-llama__Meta-Llama-3-8B,meta-llama__Llama-2-13b-hf,1,0.01815311760063143,True,True,0.0355
winogrande|5,meta-llama__Meta-Llama-3-8B,meta-llama__Llama-2-7b-hf,2,0.04419889502762431,False,False,0.0355
winogrande|5,meta-llama__Meta-Llama-3-8B,Qwen__Qwen1.5-14B,3,0.04972375690607733,False,False,0.0355
winogrande|5,meta-llama__Meta-Llama-3-8B,microsoft__phi-2,4,0.04972375690607733,False,False,0.0355
winogrande|5,meta-llama__Meta-Llama-3-8B,tiiuae__falcon-7b,5,0.06077348066298338,False,False,0.0355
winogrande|5,meta-llama__Meta-Llama-3-8B,Qwen__Qwen1.5-7B,6,0.07182320441988954,False,False,0.0355
winogrande|5,meta-llama__Llama-2-13b-hf,meta-llama__Llama-2-7b-hf,1,0.026045777426992878,True,True,0.0355
winogrande|5,meta-llama__Llama-2-13b-hf,Qwen__Qwen1.5-14B,2,0.0315706393054459,False,True,0.0355
winogrande|5,meta-llama__Llama-2-13b-hf,microsoft__phi-2,3,0.0315706393054459,False,True,0.0355
winogrande|5,meta-llama__Llama-2-13b-hf,tiiuae__falcon-7b,4,0.04262036306235195,False,False,0.0355
winogrande|5,meta-llama__Llama-2-13b-hf,Qwen__Qwen1.5-7B,5,0.05367008681925811,False,False,0.0355
winogrande|5,meta-llama__Llama-2-7b-hf,Qwen__Qwen1.5-14B,1,0.0055248618784530246,True,True,0.0355
winogrande|5,meta-llama__Llama-2-7b-hf,microsoft__phi-2,2,0.0055248618784530246,False,True,0.0355
winogrande|5,meta-llama__Llama-2-7b-hf,tiiuae__falcon-7b,3,0.016574585635359074,False,True,0.0355
winogrande|5,meta-llama__Llama-2-7b-hf,Qwen__Qwen1.5-7B,4,0.027624309392265234,False,True,0.0355
winogrande|5,Qwen__Qwen1.5-14B,microsoft__phi-2,1,0.0,True,True,0.0355
winogrande|5,Qwen__Qwen1.5-14B,tiiuae__falcon-7b,2,0.011049723756906049,False,True,0.0355
winogrande|5,Qwen__Qwen1.5-14B,Qwen__Qwen1.5-7B,3,0.02209944751381221,False,True,0.0355
winogrande|5,microsoft__phi-2,tiiuae__falcon-7b,1,0.011049723756906049,True,True,0.0355
winogrande|5,microsoft__phi-2,Qwen__Qwen1.5-7B,2,0.02209944751381221,False,True,0.0355
winogrande|5,tiiuae__falcon-7b,Qwen__Qwen1.5-7B,1,0.01104972375690616,True,True,0.0355
gsm8k|5,meta-llama__Meta-Llama-3-70B,Qwen__Qwen1.5-14B,1,0.09249431387414708,True,False,0.0355
gsm8k|5,meta-llama__Meta-Llama-3-70B,Qwen__Qwen1.5-72B,2,0.11144806671721008,False,False,0.0355
gsm8k|5,meta-llama__Meta-Llama-3-70B,mistralai__Mixtral-8x7B-v0.1,3,0.1925701288855194,False,False,0.0355
gsm8k|5,meta-llama__Meta-Llama-3-70B,upstage__SOLAR-10.7B-v1.0,4,0.21379833206974985,False,False,0.0355
gsm8k|5,meta-llama__Meta-Llama-3-70B,microsoft__phi-2,5,0.2191053828658075,False,False,0.0355
gsm8k|5,meta-llama__Meta-Llama-3-70B,meta-llama__Llama-2-70b-hf,6,0.2282031842304777,False,False,0.0355
gsm8k|5,meta-llama__Meta-Llama-3-70B,Qwen__Qwen1.5-7B,7,0.23351023502653534,False,False,0.0355
gsm8k|5,meta-llama__Meta-Llama-3-70B,google__gemma-7b,8,0.24109173616376045,False,False,0.0355
gsm8k|5,meta-llama__Meta-Llama-3-70B,01-ai__Yi-34B,9,0.2623199393479909,False,False,0.0355
gsm8k|5,meta-llama__Meta-Llama-3-70B,meta-llama__Meta-Llama-3-8B,10,0.31690674753601217,False,False,0.0355
gsm8k|5,meta-llama__Meta-Llama-3-70B,mistralai__Mistral-7B-v0.1,11,0.39802880970432153,False,False,0.0355
gsm8k|5,meta-llama__Meta-Llama-3-70B,meta-llama__Llama-2-13b-hf,12,0.5405610310841547,False,False,0.0355
gsm8k|5,meta-llama__Meta-Llama-3-70B,meta-llama__Llama-2-7b-hf,13,0.6239575435936315,False,False,0.0355
gsm8k|5,meta-llama__Meta-Llama-3-70B,tiiuae__falcon-7b,14,0.7225170583775589,False,False,0.0355
gsm8k|5,meta-llama__Meta-Llama-3-70B,EleutherAI__gpt-j-6b,15,0.7391963608794542,False,False,0.0355
gsm8k|5,Qwen__Qwen1.5-14B,Qwen__Qwen1.5-72B,1,0.018953752843063,True,True,0.0355
gsm8k|5,Qwen__Qwen1.5-14B,mistralai__Mixtral-8x7B-v0.1,2,0.1000758150113723,False,False,0.0355
gsm8k|5,Qwen__Qwen1.5-14B,upstage__SOLAR-10.7B-v1.0,3,0.12130401819560277,False,False,0.0355
gsm8k|5,Qwen__Qwen1.5-14B,microsoft__phi-2,4,0.1266110689916604,False,False,0.0355
gsm8k|5,Qwen__Qwen1.5-14B,meta-llama__Llama-2-70b-hf,5,0.1357088703563306,False,False,0.0355
gsm8k|5,Qwen__Qwen1.5-14B,Qwen__Qwen1.5-7B,6,0.14101592115238826,False,False,0.0355
gsm8k|5,Qwen__Qwen1.5-14B,google__gemma-7b,7,0.14859742228961337,False,False,0.0355
gsm8k|5,Qwen__Qwen1.5-14B,01-ai__Yi-34B,8,0.16982562547384383,False,False,0.0355
gsm8k|5,Qwen__Qwen1.5-14B,meta-llama__Meta-Llama-3-8B,9,0.22441243366186509,False,False,0.0355
gsm8k|5,Qwen__Qwen1.5-14B,mistralai__Mistral-7B-v0.1,10,0.30553449583017445,False,False,0.0355
gsm8k|5,Qwen__Qwen1.5-14B,meta-llama__Llama-2-13b-hf,11,0.4480667172100076,False,False,0.0355
gsm8k|5,Qwen__Qwen1.5-14B,meta-llama__Llama-2-7b-hf,12,0.5314632297194846,False,False,0.0355
gsm8k|5,Qwen__Qwen1.5-14B,tiiuae__falcon-7b,13,0.6300227445034117,False,False,0.0355
gsm8k|5,Qwen__Qwen1.5-14B,EleutherAI__gpt-j-6b,14,0.6467020470053071,False,False,0.0355
gsm8k|5,Qwen__Qwen1.5-72B,mistralai__Mixtral-8x7B-v0.1,1,0.0811220621683093,True,False,0.0355
gsm8k|5,Qwen__Qwen1.5-72B,upstage__SOLAR-10.7B-v1.0,2,0.10235026535253977,False,False,0.0355
gsm8k|5,Qwen__Qwen1.5-72B,microsoft__phi-2,3,0.10765731614859742,False,False,0.0355
gsm8k|5,Qwen__Qwen1.5-72B,meta-llama__Llama-2-70b-hf,4,0.11675511751326761,False,False,0.0355
gsm8k|5,Qwen__Qwen1.5-72B,Qwen__Qwen1.5-7B,5,0.12206216830932526,False,False,0.0355
gsm8k|5,Qwen__Qwen1.5-72B,google__gemma-7b,6,0.12964366944655037,False,False,0.0355
gsm8k|5,Qwen__Qwen1.5-72B,01-ai__Yi-34B,7,0.15087187263078083,False,False,0.0355
gsm8k|5,Qwen__Qwen1.5-72B,meta-llama__Meta-Llama-3-8B,8,0.2054586808188021,False,False,0.0355
gsm8k|5,Qwen__Qwen1.5-72B,mistralai__Mistral-7B-v0.1,9,0.28658074298711145,False,False,0.0355
gsm8k|5,Qwen__Qwen1.5-72B,meta-llama__Llama-2-13b-hf,10,0.4291129643669446,False,False,0.0355
gsm8k|5,Qwen__Qwen1.5-72B,meta-llama__Llama-2-7b-hf,11,0.5125094768764216,False,False,0.0355
gsm8k|5,Qwen__Qwen1.5-72B,tiiuae__falcon-7b,12,0.6110689916603487,False,False,0.0355
gsm8k|5,Qwen__Qwen1.5-72B,EleutherAI__gpt-j-6b,13,0.6277482941622441,False,False,0.0355
gsm8k|5,mistralai__Mixtral-8x7B-v0.1,upstage__SOLAR-10.7B-v1.0,1,0.021228203184230465,True,True,0.0355
gsm8k|5,mistralai__Mixtral-8x7B-v0.1,microsoft__phi-2,2,0.02653525398028811,False,True,0.0355
gsm8k|5,mistralai__Mixtral-8x7B-v0.1,meta-llama__Llama-2-70b-hf,3,0.03563305534495831,False,False,0.0355
gsm8k|5,mistralai__Mixtral-8x7B-v0.1,Qwen__Qwen1.5-7B,4,0.04094010614101595,False,False,0.0355
gsm8k|5,mistralai__Mixtral-8x7B-v0.1,google__gemma-7b,5,0.04852160727824106,False,False,0.0355
gsm8k|5,mistralai__Mixtral-8x7B-v0.1,01-ai__Yi-34B,6,0.06974981046247153,False,False,0.0355
gsm8k|5,mistralai__Mixtral-8x7B-v0.1,meta-llama__Meta-Llama-3-8B,7,0.12433661865049278,False,False,0.0355
gsm8k|5,mistralai__Mixtral-8x7B-v0.1,mistralai__Mistral-7B-v0.1,8,0.20545868081880214,False,False,0.0355
gsm8k|5,mistralai__Mixtral-8x7B-v0.1,meta-llama__Llama-2-13b-hf,9,0.3479909021986353,False,False,0.0355
gsm8k|5,mistralai__Mixtral-8x7B-v0.1,meta-llama__Llama-2-7b-hf,10,0.4313874147081122,False,False,0.0355
gsm8k|5,mistralai__Mixtral-8x7B-v0.1,tiiuae__falcon-7b,11,0.5299469294920394,False,False,0.0355
gsm8k|5,mistralai__Mixtral-8x7B-v0.1,EleutherAI__gpt-j-6b,12,0.5466262319939348,False,False,0.0355
gsm8k|5,upstage__SOLAR-10.7B-v1.0,microsoft__phi-2,1,0.005307050796057644,True,True,0.0355
gsm8k|5,upstage__SOLAR-10.7B-v1.0,meta-llama__Llama-2-70b-hf,2,0.014404852160727843,False,True,0.0355
gsm8k|5,upstage__SOLAR-10.7B-v1.0,Qwen__Qwen1.5-7B,3,0.019711902956785488,False,True,0.0355
gsm8k|5,upstage__SOLAR-10.7B-v1.0,google__gemma-7b,4,0.027293404094010598,False,True,0.0355
gsm8k|5,upstage__SOLAR-10.7B-v1.0,01-ai__Yi-34B,5,0.04852160727824106,False,False,0.0355
gsm8k|5,upstage__SOLAR-10.7B-v1.0,meta-llama__Meta-Llama-3-8B,6,0.10310841546626232,False,False,0.0355
gsm8k|5,upstage__SOLAR-10.7B-v1.0,mistralai__Mistral-7B-v0.1,7,0.18423047763457168,False,False,0.0355
gsm8k|5,upstage__SOLAR-10.7B-v1.0,meta-llama__Llama-2-13b-hf,8,0.32676269901440486,False,False,0.0355
gsm8k|5,upstage__SOLAR-10.7B-v1.0,meta-llama__Llama-2-7b-hf,9,0.41015921152388174,False,False,0.0355
gsm8k|5,upstage__SOLAR-10.7B-v1.0,tiiuae__falcon-7b,10,0.508718726307809,False,False,0.0355
gsm8k|5,upstage__SOLAR-10.7B-v1.0,EleutherAI__gpt-j-6b,11,0.5253980288097043,False,False,0.0355
gsm8k|5,microsoft__phi-2,meta-llama__Llama-2-70b-hf,1,0.0090978013646702,True,True,0.0355
gsm8k|5,microsoft__phi-2,Qwen__Qwen1.5-7B,2,0.014404852160727843,False,True,0.0355
gsm8k|5,microsoft__phi-2,google__gemma-7b,3,0.021986353297952954,False,True,0.0355
gsm8k|5,microsoft__phi-2,01-ai__Yi-34B,4,0.04321455648218342,False,False,0.0355
gsm8k|5,microsoft__phi-2,meta-llama__Meta-Llama-3-8B,5,0.09780136467020467,False,False,0.0355
gsm8k|5,microsoft__phi-2,mistralai__Mistral-7B-v0.1,6,0.17892342683851403,False,False,0.0355
gsm8k|5,microsoft__phi-2,meta-llama__Llama-2-13b-hf,7,0.3214556482183472,False,False,0.0355
gsm8k|5,microsoft__phi-2,meta-llama__Llama-2-7b-hf,8,0.4048521607278241,False,False,0.0355
gsm8k|5,microsoft__phi-2,tiiuae__falcon-7b,9,0.5034116755117513,False,False,0.0355
gsm8k|5,microsoft__phi-2,EleutherAI__gpt-j-6b,10,0.5200909780136467,False,False,0.0355
gsm8k|5,meta-llama__Llama-2-70b-hf,Qwen__Qwen1.5-7B,1,0.005307050796057644,True,True,0.0355
gsm8k|5,meta-llama__Llama-2-70b-hf,google__gemma-7b,2,0.012888551933282755,False,True,0.0355
gsm8k|5,meta-llama__Llama-2-70b-hf,01-ai__Yi-34B,3,0.03411675511751322,False,True,0.0355
gsm8k|5,meta-llama__Llama-2-70b-hf,meta-llama__Meta-Llama-3-8B,4,0.08870356330553447,False,False,0.0355
gsm8k|5,meta-llama__Llama-2-70b-hf,mistralai__Mistral-7B-v0.1,5,0.16982562547384383,False,False,0.0355
gsm8k|5,meta-llama__Llama-2-70b-hf,meta-llama__Llama-2-13b-hf,6,0.312357846853677,False,False,0.0355
gsm8k|5,meta-llama__Llama-2-70b-hf,meta-llama__Llama-2-7b-hf,7,0.3957543593631539,False,False,0.0355
gsm8k|5,meta-llama__Llama-2-70b-hf,tiiuae__falcon-7b,8,0.4943138741470811,False,False,0.0355
gsm8k|5,meta-llama__Llama-2-70b-hf,EleutherAI__gpt-j-6b,9,0.5109931766489765,False,False,0.0355
gsm8k|5,Qwen__Qwen1.5-7B,google__gemma-7b,1,0.007581501137225111,True,True,0.0355
gsm8k|5,Qwen__Qwen1.5-7B,01-ai__Yi-34B,2,0.028809704321455576,False,True,0.0355
gsm8k|5,Qwen__Qwen1.5-7B,meta-llama__Meta-Llama-3-8B,3,0.08339651250947683,False,False,0.0355
gsm8k|5,Qwen__Qwen1.5-7B,mistralai__Mistral-7B-v0.1,4,0.1645185746777862,False,False,0.0355
gsm8k|5,Qwen__Qwen1.5-7B,meta-llama__Llama-2-13b-hf,5,0.30705079605761937,False,False,0.0355
gsm8k|5,Qwen__Qwen1.5-7B,meta-llama__Llama-2-7b-hf,6,0.39044730856709625,False,False,0.0355
gsm8k|5,Qwen__Qwen1.5-7B,tiiuae__falcon-7b,7,0.48900682335102347,False,False,0.0355
gsm8k|5,Qwen__Qwen1.5-7B,EleutherAI__gpt-j-6b,8,0.5056861258529188,False,False,0.0355
gsm8k|5,google__gemma-7b,01-ai__Yi-34B,1,0.021228203184230465,True,True,0.0355
gsm8k|5,google__gemma-7b,meta-llama__Meta-Llama-3-8B,2,0.07581501137225172,False,False,0.0355
gsm8k|5,google__gemma-7b,mistralai__Mistral-7B-v0.1,3,0.15693707354056108,False,False,0.0355
gsm8k|5,google__gemma-7b,meta-llama__Llama-2-13b-hf,4,0.29946929492039426,False,False,0.0355
gsm8k|5,google__gemma-7b,meta-llama__Llama-2-7b-hf,5,0.38286580742987114,False,False,0.0355
gsm8k|5,google__gemma-7b,tiiuae__falcon-7b,6,0.48142532221379836,False,False,0.0355
gsm8k|5,google__gemma-7b,EleutherAI__gpt-j-6b,7,0.4981046247156937,False,False,0.0355
gsm8k|5,01-ai__Yi-34B,meta-llama__Meta-Llama-3-8B,1,0.05458680818802125,True,False,0.0355
gsm8k|5,01-ai__Yi-34B,mistralai__Mistral-7B-v0.1,2,0.1357088703563306,False,False,0.0355
gsm8k|5,01-ai__Yi-34B,meta-llama__Llama-2-13b-hf,3,0.2782410917361638,False,False,0.0355
gsm8k|5,01-ai__Yi-34B,meta-llama__Llama-2-7b-hf,4,0.3616376042456407,False,False,0.0355
gsm8k|5,01-ai__Yi-34B,tiiuae__falcon-7b,5,0.4601971190295679,False,False,0.0355
gsm8k|5,01-ai__Yi-34B,EleutherAI__gpt-j-6b,6,0.47687642153146326,False,False,0.0355
gsm8k|5,meta-llama__Meta-Llama-3-8B,mistralai__Mistral-7B-v0.1,1,0.08112206216830936,True,False,0.0355
gsm8k|5,meta-llama__Meta-Llama-3-8B,meta-llama__Llama-2-13b-hf,2,0.22365428354814254,False,False,0.0355
gsm8k|5,meta-llama__Meta-Llama-3-8B,meta-llama__Llama-2-7b-hf,3,0.3070507960576194,False,False,0.0355
gsm8k|5,meta-llama__Meta-Llama-3-8B,tiiuae__falcon-7b,4,0.40561031084154664,False,False,0.0355
gsm8k|5,meta-llama__Meta-Llama-3-8B,EleutherAI__gpt-j-6b,5,0.422289613343442,False,False,0.0355
gsm8k|5,mistralai__Mistral-7B-v0.1,meta-llama__Llama-2-13b-hf,1,0.14253222137983318,True,False,0.0355
gsm8k|5,mistralai__Mistral-7B-v0.1,meta-llama__Llama-2-7b-hf,2,0.22592873388931006,False,False,0.0355
gsm8k|5,mistralai__Mistral-7B-v0.1,tiiuae__falcon-7b,3,0.3244882486732373,False,False,0.0355
gsm8k|5,mistralai__Mistral-7B-v0.1,EleutherAI__gpt-j-6b,4,0.34116755117513264,False,False,0.0355
gsm8k|5,meta-llama__Llama-2-13b-hf,meta-llama__Llama-2-7b-hf,1,0.08339651250947688,True,False,0.0355
gsm8k|5,meta-llama__Llama-2-13b-hf,tiiuae__falcon-7b,2,0.1819560272934041,False,False,0.0355
gsm8k|5,meta-llama__Llama-2-13b-hf,EleutherAI__gpt-j-6b,3,0.19863532979529946,False,False,0.0355
gsm8k|5,meta-llama__Llama-2-7b-hf,tiiuae__falcon-7b,1,0.09855951478392722,True,False,0.0355
gsm8k|5,meta-llama__Llama-2-7b-hf,EleutherAI__gpt-j-6b,2,0.1152388172858226,False,False,0.0355
gsm8k|5,tiiuae__falcon-7b,EleutherAI__gpt-j-6b,1,0.016679302501895376,True,True,0.0355
